Episode,Timestep,State,Action_Taken,Reward,Q_Action_0_Left,Q_Action_1_Right,Epsilon
2569,90,"[2, 1, 6, 6]",0,1.000000,0.953860,-0.072378,0.010000
2569,91,"[2, 0, 6, 7]",1,1.000000,-0.046861,0.948691,0.010000
2569,92,"[2, 1, 6, 7]",1,1.000000,-0.003399,0.497399,0.010000
2569,93,"[2, 1, 7, 6]",0,1.000000,0.541826,-0.094370,0.010000
2569,94,"[2, 1, 7, 7]",0,1.000000,0.860919,-0.060410,0.010000
