Episode,Timestep,State,Action_Taken,Reward,Q_Action_0_Left,Q_Action_1_Right,Epsilon
0,0,"[4, 4, 5, 5]",0,1.000000,0.019739,-0.052267,1.000000
0,1,"[4, 4, 5, 5]",0,1.000000,0.119720,-0.052267,1.000000
0,2,"[4, 4, 5, 6]",1,1.000000,0.060077,-0.058574,1.000000
0,3,"[4, 4, 5, 5]",0,1.000000,0.213695,-0.052267,1.000000
0,4,"[4, 4, 5, 6]",1,1.000000,0.060077,0.068440,1.000000
